"gene","avg_log2FC","pct.1","pct.2","diff.pct","p_val","p_val_adj","cluster"
"OLIG1",2.50806891895883,0.403,0.15,0.253,1.72136301403134e-144,4.0861715227076e-140,"0"
"SNX22",2.28283248084241,0.182,0.057,0.125,4.28589231148304e-64,1.01738511689985e-59,"0"
"DLL3",2.17619568962761,0.316,0.124,0.192,4.31545989210163e-92,1.02440386918708e-87,"0"
"CA10",2.05215410524279,0.161,0.062,0.099,5.88713456182047e-42,1.39748800228494e-37,"0"
"COL20A1",2.00140308859927,0.128,0.05,0.078,7.3748255841252e-32,1.75063609715964e-27,"0"
"OLIG2",1.94323916507544,0.232,0.096,0.136,3.29230277697903e-57,7.81526833199282e-53,"0"
"RP11-277P12.20",1.91709362987504,0.227,0.097,0.13,5.19868931953139e-53,1.23406487067036e-48,"0"
"LNX1",1.67228244294128,0.101,0.057,0.044,1.27628465860227e-11,3.02964452259006e-07,"0"
"AFAP1L2",1.67062102333549,0.115,0.054,0.061,6.26613194946782e-20,1.48745440216467e-15,"0"
"XKR4",1.62794309663704,0.11,0.05,0.06,1.23689367690704e-20,2.93613821024194e-16,"0"
"MYT1",1.57614871457154,0.145,0.062,0.083,8.98336397195628e-30,2.13247093966298e-25,"0"
"ERBB3",1.56615375651167,0.133,0.092,0.041,3.22522035884387e-08,0.000765602808782358,"0"
"SOX6",1.55481867528594,0.333,0.191,0.142,8.19301825175704e-48,1.94485867260209e-43,"0"
"CTHRC1",1.52217173772814,0.163,0.083,0.08,1.3723623352598e-24,3.25771371143972e-20,"0"
"CSPG5",1.51391720235463,0.119,0.078,0.041,3.83649695358685e-09,9.10707646842447e-05,"0"
"RGCC",1.5075032052633,0.116,0.053,0.063,3.84765903562322e-21,9.1335730187624e-17,"0"
"CCND1",1.49130305892358,0.294,0.157,0.137,1.93957800261183e-45,4.60417026259996e-41,"0"
"TNK2",1.49059373681957,0.136,0.072,0.064,3.30930948077423e-18,7.85563884546186e-14,"0"
"KCND2",1.48882902512691,0.144,0.083,0.061,6.98550822997528e-16,1.65821994363153e-11,"0"
"PCP4",1.48573631489577,0.105,0.054,0.051,3.05741100942332e-14,7.25768225416907e-10,"0"
"ZNF462",1.4623358861091,0.253,0.146,0.107,1.33689214943359e-31,3.17351458432545e-27,"0"
"KLRC2",1.43292909018325,0.222,0.112,0.11,5.50395751557891e-35,1.30652943504812e-30,"0"
"SMOC1",1.38593323182181,0.311,0.127,0.184,7.01831904353351e-75,1.66600857455398e-70,"0"
"FAM110B",1.38202873408309,0.121,0.07,0.051,7.84814658704376e-13,1.86299303683245e-08,"0"
"ISG15",1.36028862074747,0.199,0.159,0.04,2.40211420741296e-07,0.00570213870555689,"0"
"GLCCI1",1.34939787669694,0.152,0.084,0.068,2.30117416722982e-18,5.46252723817015e-14,"0"
"PDE4B",1.34693896945175,0.207,0.155,0.052,5.05484331058159e-11,1.19991870506586e-06,"0"
"ETV1",1.33517680358684,0.462,0.346,0.116,1.55254776167098e-42,3.68543787665457e-38,"0"
"TRIO",1.32819789159579,0.272,0.18,0.092,1.55165583590578e-23,3.68332062327313e-19,"0"
"LHFPL3",1.31022407451809,0.182,0.132,0.05,2.51524489900668e-10,5.97068834126207e-06,"0"
"FAM111B",4.39996029654904,0.342,0.021,0.321,0,0,"1"
"CDC6",4.1349250371363,0.186,0.011,0.175,1.52409601099227e-198,3.61789911089344e-194,"1"
"TK1",4.11112302569446,0.149,0.011,0.138,4.41162052812276e-144,1.04723048096578e-139,"1"
"PCLAF",4.0966613473755,0.523,0.046,0.477,0,0,"1"
"MYBL2",3.93422121267267,0.103,0.008,0.095,5.3036887503172e-99,1.2589896355503e-94,"1"
"E2F7",3.87854633659451,0.105,0.01,0.095,2.39773074982124e-88,5.69173325392566e-84,"1"
"CLSPN",3.87816256408638,0.571,0.053,0.518,0,0,"1"
"RRM2",3.86927752786082,0.314,0.028,0.286,5.04135708399899e-291,1.19671734459968e-286,"1"
"ESCO2",3.60989784482698,0.384,0.04,0.344,0,0,"1"
"MCM10",3.56136028341234,0.212,0.019,0.193,2.25059632167057e-188,5.34246554838161e-184,"1"
"CDC45",3.53183918396466,0.16,0.012,0.148,6.41102112150067e-152,1.52184819382183e-147,"1"
"DTL",3.3948166982719,0.168,0.015,0.153,3.45704557909332e-149,8.20633479565172e-145,"1"
"CCNE2",3.37353766826227,0.293,0.031,0.262,1.87263797012699e-240,4.44526801348744e-236,"1"
"CDT1",3.36099999263095,0.142,0.012,0.13,2.36748698667273e-127,5.61994060896373e-123,"1"
"TYMS",3.33900011531062,0.492,0.069,0.423,0,0,"1"
"BRIP1",3.30377163850178,0.128,0.012,0.116,6.0366874046106e-110,1.43298885610646e-105,"1"
"CENPU",3.30295419714454,0.558,0.08,0.478,0,0,"1"
"CENPM",3.28212271833239,0.211,0.029,0.182,4.50100477997034e-145,1.06844851466936e-140,"1"
"ZWINT",3.27464542513315,0.224,0.029,0.195,1.35858655842393e-159,3.22501277238673e-155,"1"
"MCM3",3.27314760824328,0.43,0.063,0.367,8.30778381324196e-302,1.97210172158738e-297,"1"
"ATAD2",3.23916416709998,0.534,0.079,0.455,0,0,"1"
"PKMYT1",3.21664731756276,0.129,0.016,0.113,3.04417629401666e-94,7.22626568673674e-90,"1"
"MCM4",3.21476900886729,0.566,0.094,0.472,0,0,"1"
"DHFR",3.21435033643558,0.254,0.037,0.217,2.33941559215185e-169,5.55330473265005e-165,"1"
"PCNA",3.18452266564992,0.557,0.101,0.456,0,0,"1"
"XRCC2",3.17878540976646,0.329,0.042,0.287,9.38314547067225e-243,2.22737107182818e-238,"1"
"WDR76",3.16566709786569,0.243,0.029,0.214,1.24722872974081e-181,2.96067155865874e-177,"1"
"CDCA5",3.12237515664109,0.237,0.032,0.205,1.00639255305324e-165,2.38897464243778e-161,"1"
"HIST1H4C",3.08985222629787,0.937,0.668,0.269,0,0,"1"
"FANCD2",3.07277788566801,0.189,0.026,0.163,1.01661065195238e-128,2.41323036560456e-124,"1"
"TAC3",7.0080605746159,0.14,0.003,0.137,1.74095220089948e-195,4.1326723344952e-191,"2"
"NHLH1",5.6515623032983,0.324,0.011,0.313,0,0,"2"
"RP11-672L10.2",5.31499367510038,0.107,0.004,0.103,4.6525979047019e-134,1.10443369061814e-129,"2"
"ROBO3",4.95320260701924,0.355,0.048,0.307,2.52714125114975e-268,5.99892790197927e-264,"2"
"KLHL35",4.51272629338694,0.338,0.023,0.315,0,0,"2"
"CRABP1",4.3144244371841,0.357,0.039,0.318,1.98809319791548e-296,4.71933563321176e-292,"2"
"RP3-431P23.5",3.47811212914998,0.12,0.016,0.104,1.54124888981867e-79,3.65861661465157e-75,"2"
"SSTR2",3.16074096159095,0.103,0.02,0.083,1.51170980045824e-50,3.58849672432777e-46,"2"
"RND3",3.14679504050196,0.548,0.126,0.422,7.21306156024107e-295,1.71223655317002e-290,"2"
"MYT1L",2.85289426745,0.377,0.083,0.294,1.48345615934692e-183,3.52142823105773e-179,"2"
"ROBO2",2.77430127724209,0.285,0.088,0.197,6.51889322850686e-93,1.54745487458296e-88,"2"
"HRK",2.53631344906141,0.157,0.043,0.114,5.53922611195758e-53,1.31490149445649e-48,"2"
"THSD7A",2.48640851399465,0.58,0.23,0.35,1.32665926473694e-185,3.14922376263255e-181,"2"
"CTC-358I24.1",2.46861331710307,0.447,0.178,0.269,1.10424117691011e-124,2.62124770574923e-120,"2"
"ST8SIA3",2.33890029702249,0.156,0.05,0.106,4.76051297879251e-43,1.13005057090577e-38,"2"
"STMN2",2.30832147628412,0.793,0.285,0.508,0,0,"2"
"ONECUT2",2.29704401468264,0.244,0.086,0.158,9.59724241206073e-62,2.27819340377498e-57,"2"
"CACNA2D1",2.29507559082391,0.142,0.052,0.09,1.05776268148804e-32,2.51091705331631e-28,"2"
"NSG1",2.27379980911375,0.307,0.096,0.211,3.73597663358013e-96,8.8684613327925e-92,"2"
"AC013402.2",2.26499200134692,0.123,0.039,0.084,1.34855333483047e-33,3.20119590622058e-29,"2"
"RBP1",2.24864189424578,0.47,0.195,0.275,1.07724293926846e-115,2.55715928923547e-111,"2"
"MIAT",2.2126250234537,0.524,0.19,0.334,1.31563927870593e-163,3.12306451979215e-159,"2"
"DCC",2.12616617925879,0.136,0.047,0.089,3.50906371930194e-33,8.32981545687893e-29,"2"
"CBFA2T2",2.04155601501776,0.145,0.058,0.087,1.3763473838029e-28,3.26717341967132e-24,"2"
"STMN4",2.01766627732818,0.612,0.243,0.369,2.84140948741657e-179,6.74493784122946e-175,"2"
"IGSF3",1.97957111268853,0.128,0.045,0.083,1.69490183788128e-30,4.02335798276257e-26,"2"
"ELAVL4",1.97079132919004,0.58,0.227,0.353,1.97279756144794e-167,4.68302685136513e-163,"2"
"AC004540.4",1.92542853223596,0.119,0.046,0.073,1.24329948503495e-23,2.95134431757596e-19,"2"
"NPTXR",1.92429028064805,0.119,0.06,0.059,1.66206558433674e-14,3.94541128409856e-10,"2"
"SRRM3",1.90324879096689,0.202,0.076,0.126,1.08136231124226e-43,2.56693785442687e-39,"2"
"VGF",2.639575461434,0.173,0.042,0.131,5.84125136517202e-67,1.38659624906453e-62,"3"
"RGS6",2.61483512513799,0.128,0.032,0.096,2.21585218062903e-47,5.25998990637719e-43,"3"
"TNFRSF12A",2.43056853644639,0.252,0.069,0.183,1.11414760433343e-87,2.6447635831667e-83,"3"
"CITED1",2.33274447767957,0.11,0.026,0.084,1.07609746279478e-43,2.55444015718224e-39,"3"
"KLHL4",2.26445412446272,0.134,0.037,0.097,5.98489819602576e-43,1.4206951337726e-38,"3"
"LPL",2.2484139083653,0.427,0.136,0.291,6.85796089895525e-138,1.627942758194e-133,"3"
"PLAT",2.20080212460627,0.342,0.109,0.233,1.29196027825183e-99,3.06685530851419e-95,"3"
"SPRY1",2.20074700974164,0.168,0.045,0.123,1.30236682304782e-56,3.09155836455091e-52,"3"
"TNC",2.19489737984898,0.366,0.116,0.25,2.68189122322401e-111,6.36627338568916e-107,"3"
"CYTOR",2.17730186019185,0.155,0.051,0.104,5.18294879391241e-40,1.23032838469893e-35,"3"
"POSTN",2.15948306412397,0.104,0.027,0.077,3.95545508090779e-37,9.38945927105892e-33,"3"
"GNG11",2.1192708586233,0.141,0.044,0.097,1.17365882066343e-39,2.78603130849086e-35,"3"
"KCNIP1",2.08573747155111,0.132,0.04,0.092,1.60905761187439e-37,3.81958095906743e-33,"3"
"PTX3",2.07880638858371,0.117,0.041,0.076,1.33096695251672e-26,3.15944935188419e-22,"3"
"FABP7",2.05695669267431,0.863,0.431,0.432,2.34616918445468e-278,5.56933641005851e-274,"3"
"IGFBP3",2.05204669420998,0.163,0.041,0.122,7.32044610657453e-59,1.73772749677866e-54,"3"
"SYTL2",2.00320447293725,0.166,0.057,0.109,1.65182924957438e-40,3.92111227263966e-36,"3"
"TNFRSF19",1.96087512195306,0.142,0.043,0.099,1.19721773564385e-40,2.84195546087138e-36,"3"
"NEK6",1.9558088872586,0.184,0.067,0.117,1.3984475105452e-40,3.3196347005322e-36,"3"
"SLC1A3",1.93809347767252,0.459,0.163,0.296,3.0347009446443e-125,7.20377310239663e-121,"3"
"CCDC80",1.92973383470434,0.297,0.099,0.198,7.21352118670056e-79,1.71234565929898e-74,"3"
"ST8SIA5",1.91974365735169,0.204,0.07,0.134,4.66548851964301e-49,1.10749366479286e-44,"3"
"STK17A",1.91401714607518,0.275,0.103,0.172,2.20214987741997e-61,5.22746337901954e-57,"3"
"LAMA4",1.81442685635952,0.227,0.083,0.144,1.07361416014494e-50,2.54854529335206e-46,"3"
"VIM",1.78487033232052,0.756,0.286,0.47,3.13887474457587e-232,7.45106086867419e-228,"3"
"SPATA6",1.77459978088434,0.138,0.06,0.078,2.77531574173585e-22,6.58804450773257e-18,"3"
"NES",1.76971287285212,0.643,0.271,0.372,1.74706087207363e-163,4.14717309812838e-159,"3"
"WLS",1.76806169630874,0.267,0.109,0.158,5.21208866568916e-51,1.23724560746129e-46,"3"
"TAGLN2",1.75883974471427,0.237,0.095,0.142,1.62788387401638e-45,3.86427074014008e-41,"3"
"RGS3",1.74981275392692,0.149,0.054,0.095,6.46001324817826e-32,1.53347794485256e-27,"3"
"CA9",3.52253148374905,0.13,0.018,0.112,2.07249396223318e-74,4.91968616754912e-70,"4"
"TRIB3",3.4799168180005,0.117,0.015,0.102,3.395251912408e-70,8.0596489896741e-66,"4"
"RN7SK",3.39139804604616,0.173,0.041,0.132,3.80494244231761e-59,9.03217236957355e-55,"4"
"STC2",3.05647155835021,0.133,0.026,0.107,9.29005015478575e-55,2.20527210574304e-50,"4"
"RP11-386G11.5",2.9737539407422,0.365,0.159,0.206,6.31900384298042e-59,1.50000513224669e-54,"4"
"DDIT3",2.95568145129801,0.598,0.242,0.356,9.95807247696579e-155,2.36384724458214e-150,"4"
"HIST1H2BD",2.93785552437648,0.105,0.025,0.08,8.00043839763434e-35,1.89914406683044e-30,"4"
"ADM",2.91837393366885,0.242,0.043,0.199,3.2813584180477e-112,7.78928861276164e-108,"4"
"P4HA1",2.88367110332349,0.232,0.064,0.168,2.96233071088358e-67,7.03198064149543e-63,"4"
"SPTY2D1",2.65865658211895,0.322,0.082,0.24,7.37122704573023e-107,1.74978187611544e-102,"4"
"HILPDA",2.61810926086612,0.349,0.12,0.229,2.37679691978814e-81,5.64204052819308e-77,"4"
"ERO1A",2.55361314567451,0.133,0.036,0.097,1.39753422856694e-37,3.31746675177221e-33,"4"
"KLF10",2.53226301090597,0.144,0.062,0.082,1.03520848803354e-19,2.45737790889403e-15,"4"
"ATF5",2.51416853361189,0.166,0.045,0.121,3.20616517974339e-47,7.61079490367486e-43,"4"
"VEGFA",2.50408781884777,0.561,0.183,0.378,6.96819971528624e-159,1.65411124841465e-154,"4"
"PDK1",2.46993306146785,0.107,0.032,0.075,2.46310720434598e-26,5.84692388167649e-22,"4"
"NRN1",2.4620750375753,0.222,0.077,0.145,7.77755185280629e-46,1.84623525881916e-41,"4"
"INSIG2",2.46069369879166,0.186,0.054,0.132,2.93133604805357e-48,6.95840551086957e-44,"4"
"DNAJC25",2.40701258433527,0.178,0.047,0.131,3.30727310872607e-52,7.85080490549395e-48,"4"
"CTA-29F11.1",2.39300533312102,0.12,0.031,0.089,1.98079834298678e-36,4.70201910658202e-32,"4"
"MFSD2A",2.38841624196628,0.12,0.03,0.09,2.97214522628122e-37,7.05527833814637e-33,"4"
"HERPUD1",2.34289064031645,0.279,0.078,0.201,1.10283951167802e-78,2.61792043282128e-74,"4"
"CREBRF",2.3186942118346,0.188,0.055,0.133,4.06763513876593e-48,9.65575229240257e-44,"4"
"MXD1",2.30733029926525,0.164,0.045,0.119,4.34659440297556e-45,1.03179457937834e-40,"4"
"SLC3A2",2.30177482573948,0.359,0.136,0.223,5.83849642101732e-73,1.38594228042109e-68,"4"
"ATF3",2.21782359704739,0.188,0.065,0.123,2.5701801679066e-38,6.10109368257669e-34,"4"
"NDRG1",2.20514599348855,0.105,0.024,0.081,2.9608355278354e-35,7.02843137597568e-31,"4"
"DDIT4",2.17551407254659,0.284,0.098,0.186,4.66301347097181e-60,1.10690613773929e-55,"4"
"BHLHE40",2.165704158974,0.113,0.047,0.066,3.72974724226347e-16,8.85367400368503e-12,"4"
"FAM162A",2.12502266877091,0.365,0.172,0.193,7.185488692665e-52,1.70569130586482e-47,"4"
"KCNN3",5.26522470028285,0.327,0.007,0.32,0,0,"5"
"APLNR",5.14789045714603,0.109,0.003,0.106,8.17763193205676e-139,1.94120626803163e-134,"5"
"AQP4",4.97121980719532,0.929,0.09,0.839,0,0,"5"
"RP11-986E7.7",4.92266710023392,0.101,0.002,0.099,4.59847396831792e-141,1.09158575059931e-136,"5"
"FAM107A",4.878076867457,0.629,0.031,0.598,0,0,"5"
"MYBPC1",4.60147854389355,0.104,0.002,0.102,5.92657133105801e-140,1.40684950256655e-135,"5"
"CHI3L1",4.58625639853869,0.391,0.038,0.353,7.41163303151895e-299,1.75937344902197e-294,"5"
"VEPH1",4.57852324046119,0.188,0.007,0.181,3.11596026825994e-221,7.39666648479544e-217,"5"
"AGT",4.53969750084491,0.358,0.013,0.345,0,0,"5"
"ANOS1",4.42275453954685,0.244,0.008,0.236,1.71860132831282e-302,4.07961583314896e-298,"5"
"VCAM1",4.34890116758274,0.399,0.015,0.384,0,0,"5"
"ABCC9",4.30477338167789,0.254,0.01,0.244,9.38387745985012e-288,2.22754483141922e-283,"5"
"TRIM47",4.2293991958601,0.351,0.016,0.335,0,0,"5"
"F3",4.21325085697422,0.712,0.044,0.668,0,0,"5"
"AQP1",4.197238156078,0.248,0.016,0.232,8.90250224856352e-230,2.11327598376401e-225,"5"
"BBOX1",4.11882483557469,0.307,0.009,0.298,0,0,"5"
"NNMT",4.09759316459789,0.286,0.02,0.266,5.92960560826451e-258,1.40756977928983e-253,"5"
"RP11-403A3.2",4.05293799225636,0.132,0.005,0.127,1.84095174442253e-153,4.37005125091021e-149,"5"
"LIX1",4.04058966417115,0.113,0.004,0.109,2.32358026396523e-131,5.51571483060067e-127,"5"
"SLCO1C1",4.00236728447058,0.126,0.005,0.121,3.22081226316631e-143,7.64556415030418e-139,"5"
"RPE65",3.96601081949611,0.487,0.027,0.46,0,0,"5"
"RP11-261N11.14",3.93973798789525,0.139,0.006,0.133,1.21659970795229e-155,2.88796438673714e-151,"5"
"C1R",3.87740257489852,0.306,0.015,0.291,0,0,"5"
"PIFO",3.87188165007174,0.127,0.004,0.123,2.99001415973099e-155,7.09769561236941e-151,"5"
"RP11-403A3.3",3.83469954341065,0.268,0.013,0.255,2.71565564223237e-286,6.44642336353119e-282,"5"
"GFAP",3.7985223156296,0.929,0.142,0.787,0,0,"5"
"EDNRB",3.79307238323902,0.652,0.058,0.594,0,0,"5"
"NPNT",3.773126232473,0.148,0.007,0.141,2.74445800373763e-156,6.51479440927239e-152,"5"
"SPARCL1",3.76848013398226,0.888,0.155,0.733,0,0,"5"
"CLU",3.75183918262482,0.996,0.378,0.618,0,0,"5"
"KIF20A",6.23484477196927,0.223,0.004,0.219,0,0,"6"
"NEK2",5.96829832367289,0.325,0.007,0.318,0,0,"6"
"CCNB1",5.69952709365499,0.6,0.023,0.577,0,0,"6"
"PLK1",5.52585190919981,0.357,0.009,0.348,0,0,"6"
"PIF1",5.47935240790075,0.263,0.005,0.258,0,0,"6"
"CDC20",5.44059018722631,0.553,0.022,0.531,0,0,"6"
"FAM83D",5.25674926210259,0.171,0.004,0.167,3.71552584189301e-219,8.81991524348563e-215,"6"
"BUB1",5.17890233001583,0.509,0.024,0.485,0,0,"6"
"DLGAP5",5.03301359514949,0.583,0.029,0.554,0,0,"6"
"AURKA",5.01884264029608,0.531,0.027,0.504,0,0,"6"
"NMU",4.97491527747798,0.154,0.004,0.15,2.10978568676937e-197,5.00820926325313e-193,"6"
"CCNB2",4.93213701808778,0.483,0.023,0.46,0,0,"6"
"CDCA3",4.86692698586053,0.34,0.013,0.327,0,0,"6"
"CENPE",4.82543496313909,0.711,0.052,0.659,0,0,"6"
"ASPM",4.80089122899889,0.65,0.042,0.608,0,0,"6"
"CENPA",4.79164029601,0.173,0.006,0.167,2.87995864379953e-205,6.83644582865131e-201,"6"
"KIF18A",4.78236073812589,0.324,0.016,0.308,0,0,"6"
"TROAP",4.71894438674859,0.314,0.014,0.3,0,0,"6"
"UBE2C",4.67003734602716,0.64,0.054,0.586,0,0,"6"
"CEP55",4.63182673500012,0.308,0.016,0.292,0,0,"6"
"TTK",4.62940293337428,0.481,0.027,0.454,0,0,"6"
"CDCA8",4.61885673599385,0.469,0.028,0.441,0,0,"6"
"HMMR",4.53981220149366,0.486,0.027,0.459,0,0,"6"
"KIF14",4.49222711020769,0.446,0.027,0.419,0,0,"6"
"SGO2",4.45488131171016,0.636,0.052,0.584,0,0,"6"
"RP11-345I19.6",4.45099019796154,0.157,0.006,0.151,8.54815000334289e-175,2.02915984779354e-170,"6"
"PTTG1",4.44994161150874,0.906,0.133,0.773,0,0,"6"
"KIF2C",4.42063991680181,0.542,0.035,0.507,0,0,"6"
"ECT2",4.40390597191348,0.514,0.038,0.476,0,0,"6"
"FAM64A",4.36397757129692,0.502,0.031,0.471,0,0,"6"
"RP11-89N17.4",7.32381068871077,0.215,0.002,0.213,0,0,"7"
"BCAS1",6.26962805121224,0.872,0.045,0.827,0,0,"7"
"ACAN",6.13896766677232,0.157,0.002,0.155,2.36045009655886e-225,5.60323643921142e-221,"7"
"ENPP6",6.06222496040277,0.371,0.007,0.364,0,0,"7"
"PLD1",5.43202547301941,0.157,0.004,0.153,1.18670935381306e-196,2.81701066408144e-192,"7"
"RP11-339B21.12",4.70436283561897,0.27,0.011,0.259,5.55042600974867e-301,1.31756012619414e-296,"7"
"BMPER",4.67745557384393,0.179,0.008,0.171,4.16781285322021e-191,9.89355415097414e-187,"7"
"LIMS2",4.6298813901725,0.128,0.005,0.123,8.41131426169575e-144,1.99667777944134e-139,"7"
"MBP",4.62497495798437,0.49,0.05,0.44,0,0,"7"
"GPR17",4.39810780126466,0.269,0.011,0.258,1.50756842085894e-291,3.57866591743496e-287,"7"
"RP4-555D20.2",4.38620828909837,0.24,0.015,0.225,2.08548735903044e-215,4.95052989286647e-211,"7"
"GLRA3",4.38446238506303,0.498,0.03,0.468,0,0,"7"
"APCDD1",4.22680453445433,0.389,0.042,0.347,5.30711367993744e-263,1.25980264534355e-258,"7"
"CLDN11",4.19455969105758,0.469,0.03,0.439,0,0,"7"
"KCNS3",4.15112157744628,0.111,0.006,0.105,2.4840347903153e-109,5.89660178525047e-105,"7"
"MYRF",4.00935084001665,0.252,0.01,0.242,1.10075363049913e-281,2.61296896807883e-277,"7"
"RNF125",3.98497813681704,0.11,0.005,0.105,2.55135608771846e-114,6.05640908102607e-110,"7"
"SEMA3E",3.8730657914551,0.171,0.019,0.152,6.37692509275645e-107,1.51375447851853e-102,"7"
"UGT8",3.84046856239184,0.655,0.068,0.587,0,0,"7"
"PPP1R16B",3.84017745111165,0.13,0.006,0.124,6.56787329549655e-131,1.55908176288497e-126,"7"
"SEMA4D",3.77848729741598,0.289,0.024,0.265,3.01692852570527e-218,7.16158493431917e-214,"7"
"RP11-431H16.2",3.76748924962282,0.211,0.018,0.193,1.60141628025587e-158,3.80144196607138e-154,"7"
"MOG",3.76507191136218,0.223,0.008,0.215,1.71426743991891e-250,4.06932804887951e-246,"7"
"CDK18",3.75586219945831,0.171,0.009,0.162,2.78144660361887e-166,6.60259794767047e-162,"7"
"TF",3.72498979033949,0.443,0.028,0.415,0,0,"7"
"SHROOM4",3.70703692028478,0.115,0.007,0.108,4.04429228049209e-100,9.60034101543212e-96,"7"
"TCF7L2",3.622661985599,0.458,0.044,0.414,0,0,"7"
"PLP1",3.58136540389088,0.679,0.053,0.626,0,0,"7"
"NFASC",3.57898719232041,0.368,0.045,0.323,7.43350505420847e-219,1.76456542976801e-214,"7"
"AATK",3.57554975953945,0.232,0.014,0.218,5.11813444912834e-207,1.21494275553409e-202,"7"
"PHOX2B",7.39912514196122,0.14,0.001,0.139,9.7588384903135e-210,2.31655308083062e-205,"8"
"DLX6-AS1",6.20904126922817,0.461,0.013,0.448,0,0,"8"
"DLX6",6.0348198564357,0.169,0.004,0.165,7.05608043074656e-194,1.67497237265062e-189,"8"
"RP11-457P14.4",6.03280732375954,0.152,0.004,0.148,2.48402781255949e-158,5.89658522145371e-154,"8"
"DLX5",4.91050269457081,0.364,0.016,0.348,1.06391173535769e-300,2.5255136773921e-296,"8"
"CELF4",3.63830950791879,0.458,0.056,0.402,1.6905425328285e-180,4.0130098644283e-176,"8"
"CAMK4",3.49188504616545,0.152,0.019,0.133,6.43605569986552e-56,1.52779090203408e-51,"8"
"PLXNA4",3.38429834177597,0.271,0.037,0.234,1.29400656288186e-92,3.07171277896895e-88,"8"
"DLX1",3.37377202374062,0.166,0.033,0.133,3.41365053318105e-37,8.10332363566517e-33,"8"
"SPOCK1",3.33001345990733,0.192,0.022,0.17,4.66535731308916e-77,1.10746251898111e-72,"8"
"SYT1",3.28573943870532,0.513,0.091,0.422,6.38983340242994e-147,1.51681865306882e-142,"8"
"CHD5",3.11945351920976,0.114,0.018,0.096,1.98126877379781e-32,4.70313581524123e-28,"8"
"CHRNA3",3.11140880857491,0.117,0.013,0.104,8.16313525816314e-47,1.93776504758277e-42,"8"
"SLC17A8",3.04661505228363,0.105,0.011,0.094,1.18233528210645e-45,2.80662749266428e-41,"8"
"HAND2",3.02285009692087,0.338,0.085,0.253,6.40532936263807e-62,1.52049708410303e-57,"8"
"TFAP2B",2.82026729187168,0.286,0.08,0.206,1.98240615226562e-44,4.70583572424812e-40,"8"
"SRRM4",2.48878265317662,0.137,0.02,0.117,6.77834426217901e-42,1.60904336095605e-37,"8"
"NMNAT2",2.42108404048,0.128,0.031,0.097,1.55847516179286e-22,3.69950833906388e-18,"8"
"MEG3",2.35448793166213,0.866,0.395,0.471,4.12241347018422e-120,9.7857850955233e-116,"8"
"RBMS3",2.2845087977113,0.111,0.031,0.08,3.8036865611851e-16,9.0291911589412e-12,"8"
"HMP19",2.25227046077065,0.63,0.171,0.459,3.61954766752238e-110,8.59208225316462e-106,"8"
"SRRM3",2.25003493966194,0.356,0.081,0.275,1.1931494751982e-67,2.83229822422549e-63,"8"
"INA",2.23972872564832,0.12,0.032,0.088,6.77748011549182e-18,1.60883822981545e-13,"8"
"AMPH",2.21552972655209,0.166,0.051,0.115,4.3862417172544e-21,1.04120605884185e-16,"8"
"STMN2",2.2141543620826,0.901,0.326,0.575,2.50306236539497e-145,5.94176944297459e-141,"8"
"SCN3B",2.16391722308418,0.12,0.022,0.098,2.31826039408541e-28,5.50308652347995e-24,"8"
"SYT4",2.13356665323469,0.14,0.029,0.111,1.09090475287701e-28,2.58958970237945e-24,"8"
"SCN2A",2.12987349327217,0.14,0.042,0.098,1.10489430037943e-17,2.62279809024069e-13,"8"
"SEZ6L2",2.12104048949681,0.268,0.065,0.203,1.02818934614698e-46,2.4407158698837e-42,"8"
"TSHZ2",2.11205134732905,0.16,0.061,0.099,2.73527131134418e-14,6.49298703886882e-10,"8"
"APBB1IP",14.3167205773087,0.211,0,0.211,0,0,"9"
"CD53",14.0095702363929,0.153,0,0.153,2.85230893157834e-278,6.77081094178067e-274,"9"
"MS4A6A",13.9979813037473,0.149,0,0.149,8.89974610486541e-271,2.11262173037295e-266,"9"
"ITGAX",13.845495080189,0.161,0,0.161,2.89750839778121e-293,6.87810543465304e-289,"9"
"GPR183",13.7471471781236,0.256,0,0.256,0,0,"9"
"PARVG",13.6837521617047,0.136,0,0.136,2.64493609213451e-248,6.27854929550891e-244,"9"
"FCGR1A",13.564477850585,0.124,0,0.124,7.610898266496e-226,1.80667503050082e-221,"9"
"MS4A4A",13.5595066431768,0.128,0,0.128,2.49247841549468e-233,5.91664526270127e-229,"9"
"IRF8",13.458354214067,0.107,0,0.107,6.39268365350069e-196,1.51749524566799e-191,"9"
"C1QC",13.066771393118,0.281,0,0.281,0,0,"9"
"NCKAP1L",12.8767957583715,0.103,0,0.103,1.91912831096455e-188,4.55562678456765e-184,"9"
"TMIGD3",12.8707013701715,0.145,0,0.145,1.06862187399928e-255,2.53669460449949e-251,"9"
"CCL3L3",12.4883589864333,0.31,0,0.31,0,0,"9"
"CSF1R",12.296435512049,0.124,0,0.124,2.77271464595496e-218,6.58187002656788e-214,"9"
"BCL2A1",12.1111504022046,0.132,0,0.132,3.04203925269473e-233,7.22119277804676e-229,"9"
"CD69",12.0580962408082,0.128,0,0.128,9.20521519485863e-226,2.18513398295554e-221,"9"
"CCL3",11.9050103707394,0.335,0.001,0.334,0,0,"9"
"CCL4",11.7295215893899,0.322,0.001,0.321,0,0,"9"
"CD4",11.6402146207147,0.12,0,0.12,8.51519063051902e-211,2.02133595187261e-206,"9"
"MNDA",11.6146125655924,0.236,0,0.236,0,0,"9"
"OLR1",11.5242826175921,0.269,0,0.269,0,0,"9"
"LILRB4",11.4026096331755,0.161,0,0.161,1.23354559444947e-285,2.92819053210416e-281,"9"
"ALOX5AP",11.3807387931453,0.273,0,0.273,0,0,"9"
"FCGR3A",11.3592375560216,0.252,0,0.252,0,0,"9"
"HCLS1",11.3276907869642,0.186,0,0.186,0,0,"9"
"HLA-DQA1",11.2327044038878,0.182,0.001,0.181,8.31299246643128e-296,1.97333815168146e-291,"9"
"SRGN",11.1396077291899,0.504,0.001,0.503,0,0,"9"
"PTGER4",11.0086116743675,0.116,0,0.116,2.50037472177627e-203,5.93538951455252e-199,"9"
"TREM2",10.8933101065033,0.302,0,0.302,0,0,"9"
"RGS1",10.8296938684949,0.492,0.001,0.491,0,0,"9"
"SLN",6.24629217646048,0.13,0.003,0.127,1.66119173573763e-87,3.943336942294e-83,"10"
"LOX",5.50317477298717,0.481,0.015,0.466,4.00585036699221e-285,9.50908760116612e-281,"10"
"ANGPTL4",5.19495203652118,0.389,0.014,0.375,7.43706721122014e-205,1.76541101459944e-200,"10"
"C10orf10",4.83002836863544,0.16,0.008,0.152,1.45389477557349e-67,3.45125541825635e-63,"10"
"STAC2",4.5002516203341,0.137,0.007,0.13,4.41441071723663e-56,1.04789281605763e-51,"10"
"NDRG1",4.49036996126095,0.466,0.025,0.441,3.52878911281874e-177,8.37663959600914e-173,"10"
"ADM",4.40990949140454,0.817,0.05,0.767,2.53075894287596e-291,6.00751557859894e-287,"10"
"MT1X",4.36639549436277,0.496,0.063,0.433,3.5249722649822e-87,8.36757916261474e-83,"10"
"ZNF395",4.28617573908146,0.267,0.017,0.25,3.2383195801718e-89,7.68712301941181e-85,"10"
"NR2E1",4.28603217758293,0.168,0.013,0.155,5.74470745218164e-48,1.36367865499888e-43,"10"
"AKAP12",4.27509431240899,0.817,0.188,0.629,8.25087329724732e-97,1.95859230330057e-92,"10"
"AFAP1L1",4.27206355854151,0.13,0.005,0.125,5.72654808820239e-61,1.35936798517748e-56,"10"
"FOSB",4.24377509686541,0.282,0.026,0.256,3.29556693218431e-68,7.82301678361913e-64,"10"
"EPAS1",4.24126925766453,0.397,0.022,0.375,6.8115776166509e-151,1.61693229464059e-146,"10"
"EPS8L2",4.21523199223975,0.13,0.007,0.123,1.60334159091888e-50,3.80601226852323e-46,"10"
"MT1E",4.14520113648598,0.359,0.031,0.328,3.19523198333348e-91,7.58484168203703e-87,"10"
"EGLN3",4.0484387086296,0.458,0.042,0.416,4.3566385340133e-111,1.03417885520408e-106,"10"
"MAFB",3.99497115620399,0.397,0.03,0.367,2.4779342137866e-112,5.88212023668664e-108,"10"
"SLC2A1",3.96192781447346,0.397,0.025,0.372,8.75582379480965e-132,2.07845745241191e-127,"10"
"CAV1",3.94240588483796,0.603,0.057,0.546,2.09788157811864e-144,4.97995129013802e-140,"10"
"C8orf4",3.90363506134644,0.244,0.035,0.209,5.46335994995416e-36,1.29689238492012e-31,"10"
"CA9",3.88770454637109,0.443,0.022,0.421,2.75074047949806e-178,6.5297077502325e-174,"10"
"CEBPD",3.84240028648024,0.573,0.05,0.523,6.96838526794172e-145,1.65415529490401e-140,"10"
"NEBL",3.79340591297553,0.107,0.01,0.097,2.30091639625839e-25,5.46191534143817e-21,"10"
"EDN1",3.75478211692003,0.13,0.006,0.124,2.57499953196216e-53,6.11253388897177e-49,"10"
"C4orf47",3.68445477760186,0.168,0.01,0.158,1.16251649453067e-57,2.75958165471691e-53,"10"
"AC114803.3",3.67688049119252,0.115,0.005,0.11,2.12530728167701e-54,5.04505442524488e-50,"10"
"CA12",3.62414133628182,0.489,0.052,0.437,2.46599110885014e-101,5.85376969418846e-97,"10"
"APLN",3.59668035490055,0.176,0.013,0.163,7.64302314120163e-50,1.81430083325844e-45,"10"
"NDUFA4L2",3.58151200530215,0.275,0.017,0.258,1.04800132008062e-92,2.48774553360737e-88,"10"
"ANKRD18A",10.4978429074357,0.247,0,0.247,0,0,"11"
"SPOCK3",10.2530638710506,0.351,0.001,0.35,0,0,"11"
"ENPP2",9.59236617431653,0.557,0.002,0.555,0,0,"11"
"KLK6",9.32754613139999,0.546,0.001,0.545,0,0,"11"
"CNDP1",9.27726766081436,0.67,0.003,0.667,0,0,"11"
"ERMN",8.88509791187871,0.794,0.006,0.788,0,0,"11"
"LRP2",8.52654129094524,0.134,0.001,0.133,2.49011757305042e-145,5.91104109490709e-141,"11"
"RNASE1",8.5081886887203,0.309,0.001,0.308,0,0,"11"
"ASPA",8.46443730368937,0.144,0.001,0.143,1.25732722172611e-168,2.98464335893344e-164,"11"
"PIEZO2",8.45778821794113,0.247,0.002,0.245,1.23723013081613e-271,2.93693688453132e-267,"11"
"MYO1D",8.36096564316452,0.165,0.001,0.164,7.79212726281215e-202,1.84969516964635e-197,"11"
"LDB3",8.26342325508207,0.113,0.001,0.112,4.87127449057225e-135,1.15634313857204e-130,"11"
"GJC2",8.09055026255656,0.155,0.002,0.153,2.9050070431704e-146,6.8959057190779e-142,"11"
"CYB5R2",8.08793078500041,0.175,0.002,0.173,1.06808150097081e-146,2.53541186700451e-142,"11"
"PPP1R14A",8.06651375322703,0.619,0.005,0.614,0,0,"11"
"CARNS1",8.0526516356209,0.433,0.003,0.43,0,0,"11"
"MAL",7.76045424519018,0.309,0.002,0.307,0,0,"11"
"PLPP2",7.75450015673035,0.165,0.002,0.163,1.76395752682514e-141,4.18728237717751e-137,"11"
"TMEM144",7.74783338716514,0.381,0.007,0.374,2.99708491873493e-276,7.11448018009298e-272,"11"
"CNTNAP4",7.74531970825077,0.392,0.004,0.388,0,0,"11"
"PCSK6",7.63142318404648,0.216,0.002,0.214,1.70175999521146e-224,4.03963787663296e-220,"11"
"SEPP1",7.57395278323134,0.701,0.022,0.679,0,0,"11"
"S100A1",7.49105654498031,0.381,0.004,0.377,0,0,"11"
"GJB1",7.47337796630012,0.32,0.004,0.316,4.56682333085401e-296,1.08407252227812e-291,"11"
"SNCA",7.42003422491504,0.124,0.001,0.123,1.1625538338373e-160,2.75967029076299e-156,"11"
"PEX5L",7.33587402930368,0.186,0.004,0.182,5.47695773043566e-126,1.30012022605082e-121,"11"
"RP11-286E11.1",7.10009940455032,0.186,0.003,0.183,5.19431466646247e-148,1.23302641552486e-143,"11"
"KCNK1",7.04787020058442,0.155,0.002,0.153,1.56148443888803e-120,3.70665176103241e-116,"11"
"BOK",7.02852805519171,0.113,0.001,0.112,7.69655999246497e-104,1.82700941101133e-99,"11"
"HAPLN2",6.90847374093871,0.196,0.003,0.193,1.90890512522203e-153,4.53135898625205e-149,"11"
