"Time","CellType","CentroidX","CentroidY","TotalAbundance","Dispersion","VarX","VarY","CovXY","MajorAxis","MinorAxis","Angle"
"TF0","Cardiomyocytes",12784.9120932637,10934.2162543348,1752.36222159741,4727.03569568555,7993661.25697531,14351205.21131,800387.333719148,3801.37108484929,2809.70538376483,82.9335986011978
"TF0","Endocardial.cells",12784.7154594891,13633.1976660094,26.9354824761676,3727.33384294148,5346701.4077761,8546316.16896077,-728718.340605945,2950.33322644194,2277.83920189498,102.244722615277
"TF0","Epi.epithelial.cells",13091.5349428866,13283.6298341485,15.0815209295861,4392.92304925345,11059287.2495385,8238485.66712368,-3882452.28992587,3712.08627102481,2349.0824662262,144.982428058558
"TF0","Epi.mesenchymal.cells",12494.1755831862,13682.6472274625,0.524399679528919,2100.14126802405,3106829.86743925,1303763.47821841,-1017095.24707831,1887.9699495312,919.87108625329,155.776573983627
"TF0","Erythrocytes",14302.7405546147,12222.8840077921,0.517942399613028,4558.31311441793,8072468.16539109,12705750.2836834,3478026.24214125,3816.81065536197,2492.02224512339,61.8333799837464
"TF0","Fibroblast.cells",12675.1034197101,11652.0310918762,1.42255936767973,4628.62728135291,7192144.82209955,14232045.6875849,1049492.28577504,3792.77879081534,2653.11506603573,81.6988826796047
"TF0","Immature.myocardial.cells",11992.4939312824,11683.8341968569,14.3997661331065,4562.81528103622,8203925.3065933,12615357.9822643,-1257320.28878334,3598.40891201996,2805.48330787281,104.842177636296
"TF0","Macrophages",12508.8255384369,10190.6752190339,77.6519762800473,4478.12962115491,7798862.04237138,12254782.8614937,274502.932139217,3503.0885900885,2789.62636097682,86.4880452529831
"TF0","Mural.cells",12816.0064560052,12682.8668471401,8.14167773942588,3549.27721002579,4347188.86568038,8250179.8479281,-1270528.37820505,2937.23119570973,1992.49632786565,106.533144333535
"TF0","TMSB4X.high.cells",14001.2272835552,13643.0187219635,0.107537360922585,2941.07627777649,4209115.66989263,4440814.00180701,-713858.190742081,2246.81158127252,1897.83228710003,130.391030959763
"TF0","Valve.cells",12445.8844685513,13189.5003164153,61.5048060410395,3713.92648515764,6843294.98457544,6949954.95257996,-1665565.4261424,2926.26792455774,2286.96435714682,134.083032291033
"TF0","Vascular.endothelial.cells",13873.3573072435,11844.1724197925,5.35010999547263,4620.77710745854,7087833.56583611,14263747.5109768,1541042.57465052,3818.46709811389,2602.0934067467,78.3781370410746
"TF1","Cardiomyocytes",12740.5522862511,10976.3261767,226.365330534717,4731.05055237563,7941634.25771603,14441205.0714177,650652.680416003,3808.63492525288,2806.62418846516,84.3391379227279
"TF1","Endocardial.cells",12720.4454093727,11109.3603869194,183.851668411308,4720.18703029966,7860072.90848352,14420092.6925256,650674.267739656,3805.78624206231,2792.15985945261,84.3897906736144
"TF1","Epi.epithelial.cells",13221.8728709037,12031.4983764377,120.27807263202,4891.72834922245,10631393.7044635,13297612.5381231,-748687.155235035,3673.34470477324,3230.40940478154,104.659494119575
"TF1","Epi.mesenchymal.cells",12751.2911949303,11265.4644219489,106.638989809589,4690.5830231922,7662416.84107346,14339152.2563854,689644.187929112,3796.00340406837,2755.34521498854,84.1639777835969
"TF1","Erythrocytes",12840.4027739557,11494.8472871962,67.248950790621,4707.67625919739,8475967.81792961,13686247.9434811,1266339.96599078,3738.67913929,2860.85547605058,77.0379723262895
"TF1","Fibroblast.cells",12980.782801538,11562.1460958497,101.545942057183,4632.77574060572,7989356.47357594,13473254.589169,368614.165985092,3673.95168445346,2822.17825146578,86.1716711429252
"TF1","Immature.myocardial.cells",12671.4376769431,10607.5126519238,445.958961713676,4722.65362535784,7979502.86187736,14323954.4032281,712268.03184082,3795.11987741889,2810.78679040683,83.6725549330508
"TF1","Macrophages",12835.5516094509,10867.0175674705,66.7073649788074,4688.52372075503,8036607.44661736,13945647.2334652,1025801.73883314,3757.48046375295,2804.21027110977,80.4265648884019
"TF1","Mural.cells",12824.8751944846,11011.4800293873,79.7026654447359,4644.36023650582,7701404.80076654,13868677.2056698,596237.349859831,3731.7276301643,2764.83107995854,84.5283011496432
"TF1","TMSB4X.high.cells",12836.3227924069,11385.0646233895,60.2708140828942,4682.8018552333,7558762.13181844,14369871.083558,443534.112901683,3794.55296847321,2744.08472624802,86.2898267719134
"TF1","Valve.cells",12724.4692231734,11794.5899954365,228.138905173092,4403.49454838404,6644489.1345094,12746275.1031386,190385.247454171,3571.02361349982,2576.53926604557,88.2145973771749
"TF1","Vascular.endothelial.cells",12646.5597488774,10330.1143778814,277.292334371356,4639.46728384482,7730782.94554775,13793873.7323187,825660.052569754,3728.84692304346,2760.49946610676,82.382337228069
"TF2","Cardiomyocytes",12711.1709768619,10660.2406660011,293.640313630217,4725.59604592378,7950673.92620178,14380584.0630487,665690.042471934,3801.15506357346,2807.57514092149,84.1508129643356
"TF2","Endocardial.cells",12904.6920259768,11234.7897663967,276.248623203524,4737.19069287862,7719724.19017241,14721251.4705234,781952.234189504,3848.05397352587,2762.87102079116,83.7043737000441
"TF2","Epi.epithelial.cells",12981.1242823386,11296.0553081404,276.356686742102,4878.95651527323,9583685.02761787,14220531.6503092,-28240.2170013993,3771.03482322061,3095.724961941,90.3489365427718
"TF2","Epi.mesenchymal.cells",12729.3793611052,11190.6399544115,54.6521944915032,4684.3007081094,7679184.91297542,14263488.2110188,884728.596825679,3792.13612611482,2749.97758627395,82.4789011980753
"TF2","Erythrocytes",12968.3635758472,11605.3129282133,174.24312757276,4687.91126203917,8134505.45199471,13842006.548759,964094.582400533,3741.71880358253,2824.19057353972,80.6666359627141
"TF2","Fibroblast.cells",12837.522100234,11362.2451801706,88.2134776248556,4644.27315230306,7452200.66591411,14117072.4472889,833422.230837407,3770.9029208249,2711.00798134518,82.979343752073
"TF2","Immature.myocardial.cells",12529.53712212,10305.5647935091,219.427357240562,4660.96589408723,8018550.38837626,13706052.6774681,590032.214347508,3710.33944070666,2820.98995045728,84.1391852214574
"TF2","Macrophages",12798.8594909084,10935.2657644033,173.556984428187,4662.79886473935,7293868.31358231,14447824.9394323,718565.661426484,3810.41809806632,2687.45365931083,84.3206259998891
"TF2","Mural.cells",12505.2779253243,10040.0671655182,96.3571661414143,4568.90102085066,7752772.8784739,13122083.6598563,344885.881056059,3625.48562170933,2780.41553461152,86.3397790104386
"TF2","TMSB4X.high.cells",12685.3869988617,12011.1364894256,25.2253529292005,4360.37054640869,6263517.75660996,12749313.5453784,418792.147353431,3574.38713858783,2497.31613647257,86.3207368517761
"TF2","Valve.cells",12625.3323888708,11786.9665970949,194.655208544422,4336.67889113963,6420141.9019135,12386641.9029425,111709.789540869,3519.76315881314,2533.38728004973,88.9277615959905
"TF2","Vascular.endothelial.cells",12484.1716552685,10736.2445701253,91.423507451253,4633.06511556755,8051565.96766507,13413726.3974239,1055913.48519336,3689.73764769508,2801.98651964468,79.2517769317877
"TF3","Cardiomyocytes",12738.4332411299,10712.2525896341,312.622465879978,4736.16796752302,7900833.80705744,14530453.2095337,711955.885955256,3821.78600701137,2797.36281758432,83.9390755168075
"TF3","Endocardial.cells",12524.4152143158,10301.0265194714,512.980922718184,4659.64929683194,7649340.41131703,14062991.1581494,664808.94908629,3759.14581015712,2753.38961054273,84.1439411586752
"TF3","Epi.epithelial.cells",13177.6946458032,11726.4523814606,120.894265035811,5088.32336181867,11582018.5336602,14309016.1007694,-1384245.05981377,3858.56462973163,3317.00371308409,112.716295905155
"TF3","Epi.mesenchymal.cells",12732.0077471761,11517.4551126158,144.502569223573,4627.26388245684,7072922.98048892,14338648.0574006,878675.130708551,3800.44731040408,2639.72939498199,83.2015407278367
"TF3","Erythrocytes",12970.0952522388,11897.8695055319,112.238965681562,4641.79050544875,8263201.16201155,13283017.9344626,1066355.9462065,3674.25516340358,2836.55919921942,78.4906873413371
"TF3","Fibroblast.cells",13190.4534188332,11651.5469647951,124.699621078633,4636.96038282824,8183750.61034455,13317650.981574,657864.976477443,3660.68438268529,2846.18893299138,82.8127310554828
"TF3","Immature.myocardial.cells",12767.6570707304,10790.0098048719,190.493280061807,4695.89387353645,8038422.53488046,14012996.7366367,554124.66027063,3750.19407109357,2826.21013030734,84.7457007411912
"TF3","Macrophages",12876.1508554691,11657.3992840782,86.3988039669847,4639.74926802977,7380346.30943834,14146926.9607445,1035902.80839992,3781.79352103289,2687.99386800947,81.4881757579413
"TF3","Mural.cells",12819.3456584001,10287.9571989804,76.1583836712334,4565.23650201609,7648225.62309674,13193158.6962433,410660.764104006,3636.40034141353,2760.06827384897,85.7872740163333
"TF3","TMSB4X.high.cells",12937.513207264,12024.9354748673,34.3941662806902,4281.89609431191,5910660.95855873,12423973.2039249,-204553.265519937,3525.6759579188,2429.86485266916,91.7970369157106
"TF3","Valve.cells",12786.9388985393,12932.7058766228,90.046210117324,3738.74945569093,5530454.31099704,8447793.1814322,-665708.334817849,2931.30029551555,2320.71671471114,102.265516486653
"TF3","Vascular.endothelial.cells",12670.87752243,11159.3478210249,158.570346284219,4630.77521088245,8102180.38345179,13341898.6702717,854009.921142925,3671.18216270128,2822.49899592318,80.9726499670411
